Date,Time,Precip(mm)
01 Jan 2014,00:00,9.925667
01 Jan 2014,00:00,9.925667
02 Jan 2014,00:00,3.5007725
02 Jan 2014,00:00,3.5007725
03 Jan 2014,00:00,4.768255
03 Jan 2014,00:00,4.768255
04 Jan 2014,00:00,2.060771
04 Jan 2014,00:00,2.060771
05 Jan 2014,00:00,10.562803
05 Jan 2014,00:00,10.562803
06 Jan 2014,00:00,7.4185247
06 Jan 2014,00:00,7.4185247
07 Jan 2014,00:00,3.8863478
07 Jan 2014,00:00,3.8863478
08 Jan 2014,00:00,0.99944323
08 Jan 2014,00:00,0.99944323
09 Jan 2014,00:00,1.3710409
09 Jan 2014,00:00,1.3710409
10 Jan 2014,00:00,3.7222524
10 Jan 2014,00:00,3.7222524
11 Jan 2014,00:00,0.13464689
11 Jan 2014,00:00,0.13464689
12 Jan 2014,00:00,4.685901
12 Jan 2014,00:00,4.685901
13 Jan 2014,00:00,6.734256
13 Jan 2014,00:00,6.734256
14 Jan 2014,00:00,4.245389
14 Jan 2014,00:00,4.245389
15 Jan 2014,00:00,5.807769
15 Jan 2014,00:00,5.807769
16 Jan 2014,00:00,0.6918013
16 Jan 2014,00:00,0.6918013
17 Jan 2014,00:00,3.0316153
17 Jan 2014,00:00,3.0316153
18 Jan 2014,00:00,4.5043173
18 Jan 2014,00:00,4.5043173
19 Jan 2014,00:00,5.21848
19 Jan 2014,00:00,5.21848
20 Jan 2014,00:00,0.31713212
20 Jan 2014,00:00,0.31713212
21 Jan 2014,00:00,6.6698236
21 Jan 2014,00:00,6.6698236
22 Jan 2014,00:00,3.0505695
22 Jan 2014,00:00,3.0505695
23 Jan 2014,00:00,4.8191824
23 Jan 2014,00:00,4.8191824
24 Jan 2014,00:00,3.0493717
24 Jan 2014,00:00,3.0493717
25 Jan 2014,00:00,7.7725463
25 Jan 2014,00:00,7.7725463
26 Jan 2014,00:00,11.053476
26 Jan 2014,00:00,11.053476
27 Jan 2014,00:00,7.240344
27 Jan 2014,00:00,7.240344
28 Jan 2014,00:00,3.1760912
28 Jan 2014,00:00,3.1760912
29 Jan 2014,00:00,0.68028086
29 Jan 2014,00:00,0.68028086
30 Jan 2014,00:00,0.045245513
30 Jan 2014,00:00,0.045245513
31 Jan 2014,00:00,0.0
31 Jan 2014,00:00,0.0
01 Feb 2014,00:00,13.750855
01 Feb 2014,00:00,13.750855
02 Feb 2014,00:00,1.7930567
02 Feb 2014,00:00,1.7930567
03 Feb 2014,00:00,0.010065734
03 Feb 2014,00:00,0.010065734
04 Feb 2014,00:00,3.379017
04 Feb 2014,00:00,3.379017
05 Feb 2014,00:00,6.3731575
05 Feb 2014,00:00,6.3731575
06 Feb 2014,00:00,1.5508142
06 Feb 2014,00:00,1.5508142
07 Feb 2014,00:00,1.4610701
07 Feb 2014,00:00,1.4610701
08 Feb 2014,00:00,14.251572
08 Feb 2014,00:00,14.251572
09 Feb 2014,00:00,3.7944355
09 Feb 2014,00:00,3.7944355
10 Feb 2014,00:00,0.10676682
10 Feb 2014,00:00,0.10676682
11 Feb 2014,00:00,3.2462628
11 Feb 2014,00:00,3.2462628
12 Feb 2014,00:00,13.9913025
12 Feb 2014,00:00,13.9913025
13 Feb 2014,00:00,6.0941296
13 Feb 2014,00:00,6.0941296
14 Feb 2014,00:00,9.437371
14 Feb 2014,00:00,9.437371
15 Feb 2014,00:00,13.048451
15 Feb 2014,00:00,13.048451
16 Feb 2014,00:00,0.73707855
16 Feb 2014,00:00,0.73707855
17 Feb 2014,00:00,2.7533584
17 Feb 2014,00:00,2.7533584
18 Feb 2014,00:00,8.03606
18 Feb 2014,00:00,8.03606
19 Feb 2014,00:00,2.750987
19 Feb 2014,00:00,2.750987
20 Feb 2014,00:00,5.501857
20 Feb 2014,00:00,5.501857
21 Feb 2014,00:00,6.0914707
21 Feb 2014,00:00,6.0914707
22 Feb 2014,00:00,4.620473
22 Feb 2014,00:00,4.620473
23 Feb 2014,00:00,12.878738
23 Feb 2014,00:00,12.878738
24 Feb 2014,00:00,20.004261
24 Feb 2014,00:00,20.004261
25 Feb 2014,00:00,3.7089605
25 Feb 2014,00:00,3.7089605
26 Feb 2014,00:00,5.605493
26 Feb 2014,00:00,5.605493
27 Feb 2014,00:00,9.594016
27 Feb 2014,00:00,9.594016
28 Feb 2014,00:00,0.015962869
28 Feb 2014,00:00,0.015962869
01 Mar 2014,00:00,3.4521222
01 Mar 2014,00:00,3.4521222
02 Mar 2014,00:00,13.544409
02 Mar 2014,00:00,13.544409
03 Mar 2014,00:00,0.5258061
03 Mar 2014,00:00,0.5258061
04 Mar 2014,00:00,0.8030795
04 Mar 2014,00:00,0.8030795
05 Mar 2014,00:00,0.5784743
05 Mar 2014,00:00,0.5784743
06 Mar 2014,00:00,6.9252253
06 Mar 2014,00:00,6.9252253
07 Mar 2014,00:00,17.180626
07 Mar 2014,00:00,17.180626
08 Mar 2014,00:00,0.45157224
08 Mar 2014,00:00,0.45157224
09 Mar 2014,00:00,0.7856581
09 Mar 2014,00:00,0.7856581
10 Mar 2014,00:00,1.3022945
10 Mar 2014,00:00,1.3022945
11 Mar 2014,00:00,0.0
11 Mar 2014,00:00,0.0
12 Mar 2014,00:00,0.0
12 Mar 2014,00:00,0.0
13 Mar 2014,00:00,0.11828728
13 Mar 2014,00:00,0.11828728
14 Mar 2014,00:00,0.89518917
14 Mar 2014,00:00,0.89518917
15 Mar 2014,00:00,0.2617035
15 Mar 2014,00:00,0.2617035
16 Mar 2014,00:00,0.5469266
16 Mar 2014,00:00,0.5469266
17 Mar 2014,00:00,0.784697
17 Mar 2014,00:00,0.784697
18 Mar 2014,00:00,6.818868
18 Mar 2014,00:00,6.818868
19 Mar 2014,00:00,0.19396934
19 Mar 2014,00:00,0.19396934
20 Mar 2014,00:00,13.426147
20 Mar 2014,00:00,13.426147
21 Mar 2014,00:00,7.852493
21 Mar 2014,00:00,7.852493
22 Mar 2014,00:00,2.3297296
22 Mar 2014,00:00,2.3297296
23 Mar 2014,00:00,0.07878058
23 Mar 2014,00:00,0.07878058
24 Mar 2014,00:00,0.03129244
24 Mar 2014,00:00,0.03129244
25 Mar 2014,00:00,2.5748072
25 Mar 2014,00:00,2.5748072
26 Mar 2014,00:00,0.5369764
26 Mar 2014,00:00,0.5369764
27 Mar 2014,00:00,2.3684149
27 Mar 2014,00:00,2.3684149
28 Mar 2014,00:00,5.622385
28 Mar 2014,00:00,5.622385
29 Mar 2014,00:00,0.23325719
29 Mar 2014,00:00,0.23325719
30 Mar 2014,00:00,0.030074269
30 Mar 2014,00:00,0.030074269
31 Mar 2014,00:00,0.004744157
31 Mar 2014,00:00,0.004744157
01 Apr 2014,00:00,10.788925
01 Apr 2014,00:00,10.788925
02 Apr 2014,00:00,0.10646507
02 Apr 2014,00:00,0.10646507
03 Apr 2014,00:00,3.2278879
03 Apr 2014,00:00,3.2278879
04 Apr 2014,00:00,3.7355256
04 Apr 2014,00:00,3.7355256
05 Apr 2014,00:00,3.086131
05 Apr 2014,00:00,3.086131
06 Apr 2014,00:00,3.6345253
06 Apr 2014,00:00,3.6345253
07 Apr 2014,00:00,8.408789
07 Apr 2014,00:00,8.408789
08 Apr 2014,00:00,1.9449944
08 Apr 2014,00:00,1.9449944
09 Apr 2014,00:00,2.0712557
09 Apr 2014,00:00,2.0712557
10 Apr 2014,00:00,1.3321005
10 Apr 2014,00:00,1.3321005
11 Apr 2014,00:00,0.24124607
11 Apr 2014,00:00,0.24124607
12 Apr 2014,00:00,0.4693847
12 Apr 2014,00:00,0.4693847
13 Apr 2014,00:00,2.2229812
13 Apr 2014,00:00,2.2229812
14 Apr 2014,00:00,0.0005643815
14 Apr 2014,00:00,0.0005643815
15 Apr 2014,00:00,0.0
15 Apr 2014,00:00,0.0
16 Apr 2014,00:00,0.11205487
16 Apr 2014,00:00,0.11205487
17 Apr 2014,00:00,1.0383203
17 Apr 2014,00:00,1.0383203
18 Apr 2014,00:00,0.0
18 Apr 2014,00:00,0.0
19 Apr 2014,00:00,0.0
19 Apr 2014,00:00,0.0
20 Apr 2014,00:00,0.0004665926
20 Apr 2014,00:00,0.0004665926
21 Apr 2014,00:00,0.014916062
21 Apr 2014,00:00,0.014916062
22 Apr 2014,00:00,2.660727
22 Apr 2014,00:00,2.660727
23 Apr 2014,00:00,2.427727
23 Apr 2014,00:00,2.427727
24 Apr 2014,00:00,2.3123343
24 Apr 2014,00:00,2.3123343
25 Apr 2014,00:00,7.0967364
25 Apr 2014,00:00,7.0967364
26 Apr 2014,00:00,2.4047177
26 Apr 2014,00:00,2.4047177
27 Apr 2014,00:00,2.5599785
27 Apr 2014,00:00,2.5599785
28 Apr 2014,00:00,2.4460144
28 Apr 2014,00:00,2.4460144
29 Apr 2014,00:00,0.6101839
29 Apr 2014,00:00,0.6101839
30 Apr 2014,00:00,0.0
30 Apr 2014,00:00,0.0
01 May 2014,00:00,4.439976
01 May 2014,00:00,4.439976
02 May 2014,00:00,0.0052955
02 May 2014,00:00,0.0052955
03 May 2014,00:00,0.066513196
03 May 2014,00:00,0.066513196
04 May 2014,00:00,1.7601976
04 May 2014,00:00,1.7601976
05 May 2014,00:00,1.3655851
05 May 2014,00:00,1.3655851
06 May 2014,00:00,3.328858
06 May 2014,00:00,3.328858
07 May 2014,00:00,10.261772
07 May 2014,00:00,10.261772
08 May 2014,00:00,2.2537298
08 May 2014,00:00,2.2537298
09 May 2014,00:00,5.1930494
09 May 2014,00:00,5.1930494
10 May 2014,00:00,13.520323
10 May 2014,00:00,13.520323
11 May 2014,00:00,10.430667
11 May 2014,00:00,10.430667
12 May 2014,00:00,10.86184
12 May 2014,00:00,10.86184
13 May 2014,00:00,1.1944212
13 May 2014,00:00,1.1944212
14 May 2014,00:00,0.014338642
14 May 2014,00:00,0.014338642
15 May 2014,00:00,0.95365566
15 May 2014,00:00,0.95365566
16 May 2014,00:00,0.049076974
16 May 2014,00:00,0.049076974
17 May 2014,00:00,0.0022351742
17 May 2014,00:00,0.0022351742
18 May 2014,00:00,0.14505908
18 May 2014,00:00,0.14505908
19 May 2014,00:00,1.8390436
19 May 2014,00:00,1.8390436
20 May 2014,00:00,1.7089844
20 May 2014,00:00,1.7089844
21 May 2014,00:00,0.284411
21 May 2014,00:00,0.284411
22 May 2014,00:00,3.8108938
22 May 2014,00:00,3.8108938
23 May 2014,00:00,1.980828
23 May 2014,00:00,1.980828
24 May 2014,00:00,3.57225
24 May 2014,00:00,3.57225
25 May 2014,00:00,9.447457
25 May 2014,00:00,9.447457
26 May 2014,00:00,1.5099198
26 May 2014,00:00,1.5099198
27 May 2014,00:00,0.26598573
27 May 2014,00:00,0.26598573
28 May 2014,00:00,8.0643635
28 May 2014,00:00,8.0643635
29 May 2014,00:00,0.5152598
29 May 2014,00:00,0.5152598
30 May 2014,00:00,0.0155661255
30 May 2014,00:00,0.0155661255
31 May 2014,00:00,0.0
31 May 2014,00:00,0.0
01 Jun 2014,00:00,2.2150054
01 Jun 2014,00:00,2.2150054
02 Jun 2014,00:00,3.3588018
02 Jun 2014,00:00,3.3588018
03 Jun 2014,00:00,2.1177363
03 Jun 2014,00:00,2.1177363
04 Jun 2014,00:00,12.677459
04 Jun 2014,00:00,12.677459
05 Jun 2014,00:00,3.2572708
05 Jun 2014,00:00,3.2572708
06 Jun 2014,00:00,0.0018775463
06 Jun 2014,00:00,0.0018775463
07 Jun 2014,00:00,12.075028
07 Jun 2014,00:00,12.075028
08 Jun 2014,00:00,2.445087
08 Jun 2014,00:00,2.445087
09 Jun 2014,00:00,7.759098
09 Jun 2014,00:00,7.759098
10 Jun 2014,00:00,7.931877
10 Jun 2014,00:00,7.931877
11 Jun 2014,00:00,1.1085905
11 Jun 2014,00:00,1.1085905
12 Jun 2014,00:00,0.18750876
12 Jun 2014,00:00,0.18750876
13 Jun 2014,00:00,1.4516674
13 Jun 2014,00:00,1.4516674
14 Jun 2014,00:00,1.0997727
14 Jun 2014,00:00,1.0997727
15 Jun 2014,00:00,0.61840194
15 Jun 2014,00:00,0.61840194
16 Jun 2014,00:00,0.052401796
16 Jun 2014,00:00,0.052401796
17 Jun 2014,00:00,0.23025833
17 Jun 2014,00:00,0.23025833
18 Jun 2014,00:00,0.057963654
18 Jun 2014,00:00,0.057963654
19 Jun 2014,00:00,0.9447523
19 Jun 2014,00:00,0.9447523
20 Jun 2014,00:00,0.13219751
20 Jun 2014,00:00,0.13219751
21 Jun 2014,00:00,0.21465309
21 Jun 2014,00:00,0.21465309
22 Jun 2014,00:00,0.30627286
22 Jun 2014,00:00,0.30627286
23 Jun 2014,00:00,0.49306822
23 Jun 2014,00:00,0.49306822
24 Jun 2014,00:00,1.1840072
24 Jun 2014,00:00,1.1840072
25 Jun 2014,00:00,1.6422142
25 Jun 2014,00:00,1.6422142
26 Jun 2014,00:00,0.1923386
26 Jun 2014,00:00,0.1923386
27 Jun 2014,00:00,0.11299364
27 Jun 2014,00:00,0.11299364
28 Jun 2014,00:00,0.33204818
28 Jun 2014,00:00,0.33204818
29 Jun 2014,00:00,0.36107564
29 Jun 2014,00:00,0.36107564
30 Jun 2014,00:00,0.0
30 Jun 2014,00:00,0.0
01 Jul 2014,00:00,0.64215064
01 Jul 2014,00:00,0.64215064
02 Jul 2014,00:00,0.4960187
02 Jul 2014,00:00,0.4960187
03 Jul 2014,00:00,0.5820822
03 Jul 2014,00:00,0.5820822
04 Jul 2014,00:00,9.512215
04 Jul 2014,00:00,9.512215
05 Jul 2014,00:00,4.895415
05 Jul 2014,00:00,4.895415
06 Jul 2014,00:00,0.9833072
06 Jul 2014,00:00,0.9833072
07 Jul 2014,00:00,0.92640334
07 Jul 2014,00:00,0.92640334
08 Jul 2014,00:00,5.974017
08 Jul 2014,00:00,5.974017
09 Jul 2014,00:00,0.0019185245
09 Jul 2014,00:00,0.0019185245
10 Jul 2014,00:00,0.0
10 Jul 2014,00:00,0.0
11 Jul 2014,00:00,0.0005606562
11 Jul 2014,00:00,0.0005606562
12 Jul 2014,00:00,4.447801
12 Jul 2014,00:00,4.447801
13 Jul 2014,00:00,2.8683562
13 Jul 2014,00:00,2.8683562
14 Jul 2014,00:00,2.2170467
14 Jul 2014,00:00,2.2170467
15 Jul 2014,00:00,0.19591674
15 Jul 2014,00:00,0.19591674
16 Jul 2014,00:00,4.716668
16 Jul 2014,00:00,4.716668
17 Jul 2014,00:00,0.46433884
17 Jul 2014,00:00,0.46433884
18 Jul 2014,00:00,2.5589726
18 Jul 2014,00:00,2.5589726
19 Jul 2014,00:00,17.54164
19 Jul 2014,00:00,17.54164
20 Jul 2014,00:00,0.5125776
20 Jul 2014,00:00,0.5125776
21 Jul 2014,00:00,0.0479836
21 Jul 2014,00:00,0.0479836
22 Jul 2014,00:00,0.0
22 Jul 2014,00:00,0.0
23 Jul 2014,00:00,0.0067781657
23 Jul 2014,00:00,0.0067781657
24 Jul 2014,00:00,0.023858622
24 Jul 2014,00:00,0.023858622
25 Jul 2014,00:00,0.003280118
25 Jul 2014,00:00,0.003280118
26 Jul 2014,00:00,3.940628
26 Jul 2014,00:00,3.940628
27 Jul 2014,00:00,6.3925276
27 Jul 2014,00:00,6.3925276
28 Jul 2014,00:00,0.027168542
28 Jul 2014,00:00,0.027168542
29 Jul 2014,00:00,0.06869063
29 Jul 2014,00:00,0.06869063
30 Jul 2014,00:00,1.2487136
30 Jul 2014,00:00,1.2487136
31 Jul 2014,00:00,0.0
31 Jul 2014,00:00,0.0
01 Aug 2014,00:00,8.208192
01 Aug 2014,00:00,8.208192
02 Aug 2014,00:00,12.061668
02 Aug 2014,00:00,12.061668
03 Aug 2014,00:00,6.185744
03 Aug 2014,00:00,6.185744
04 Aug 2014,00:00,0.19461289
04 Aug 2014,00:00,0.19461289
05 Aug 2014,00:00,1.6840695
05 Aug 2014,00:00,1.6840695
06 Aug 2014,00:00,9.845085
06 Aug 2014,00:00,9.845085
07 Aug 2014,00:00,0.26879087
07 Aug 2014,00:00,0.26879087
08 Aug 2014,00:00,9.96813
08 Aug 2014,00:00,9.96813
09 Aug 2014,00:00,0.7582791
09 Aug 2014,00:00,0.7582791
10 Aug 2014,00:00,24.346249
10 Aug 2014,00:00,24.346249
11 Aug 2014,00:00,3.2956545
11 Aug 2014,00:00,3.2956545
12 Aug 2014,00:00,5.720725
12 Aug 2014,00:00,5.720725
13 Aug 2014,00:00,4.075738
13 Aug 2014,00:00,4.075738
14 Aug 2014,00:00,10.833279
14 Aug 2014,00:00,10.833279
15 Aug 2014,00:00,1.3077893
15 Aug 2014,00:00,1.3077893
16 Aug 2014,00:00,1.9979421
16 Aug 2014,00:00,1.9979421
17 Aug 2014,00:00,4.8833637
17 Aug 2014,00:00,4.8833637
18 Aug 2014,00:00,0.69898367
18 Aug 2014,00:00,0.69898367
19 Aug 2014,00:00,0.50186735
19 Aug 2014,00:00,0.50186735
20 Aug 2014,00:00,0.25966203
20 Aug 2014,00:00,0.25966203
21 Aug 2014,00:00,8.822069
21 Aug 2014,00:00,8.822069
22 Aug 2014,00:00,0.48468634
22 Aug 2014,00:00,0.48468634
23 Aug 2014,00:00,2.260344
23 Aug 2014,00:00,2.260344
24 Aug 2014,00:00,0.00095926225
24 Aug 2014,00:00,0.00095926225
25 Aug 2014,00:00,0.0048466027
25 Aug 2014,00:00,0.0048466027
26 Aug 2014,00:00,0.0031515956
26 Aug 2014,00:00,0.0031515956
27 Aug 2014,00:00,0.3406536
27 Aug 2014,00:00,0.3406536
28 Aug 2014,00:00,3.5090559
28 Aug 2014,00:00,3.5090559
29 Aug 2014,00:00,7.6114016
29 Aug 2014,00:00,7.6114016
30 Aug 2014,00:00,0.44775197
30 Aug 2014,00:00,0.44775197
31 Aug 2014,00:00,0.0
31 Aug 2014,00:00,0.0
01 Sep 2014,00:00,1.1347774
01 Sep 2014,00:00,1.1347774
02 Sep 2014,00:00,0.0
02 Sep 2014,00:00,0.0
03 Sep 2014,00:00,0.16368926
03 Sep 2014,00:00,0.16368926
04 Sep 2014,00:00,0.7235669
04 Sep 2014,00:00,0.7235669
05 Sep 2014,00:00,2.7949848
05 Sep 2014,00:00,2.7949848
06 Sep 2014,00:00,1.2845323
06 Sep 2014,00:00,1.2845323
07 Sep 2014,00:00,0.0005364418
07 Sep 2014,00:00,0.0005364418
08 Sep 2014,00:00,0.0008121133
08 Sep 2014,00:00,0.0008121133
09 Sep 2014,00:00,0.0008996576
09 Sep 2014,00:00,0.0008996576
10 Sep 2014,00:00,0.0010542572
10 Sep 2014,00:00,0.0010542572
11 Sep 2014,00:00,0.21777488
11 Sep 2014,00:00,0.21777488
12 Sep 2014,00:00,0.14422369
12 Sep 2014,00:00,0.14422369
13 Sep 2014,00:00,0.11606142
13 Sep 2014,00:00,0.11606142
14 Sep 2014,00:00,0.14893897
14 Sep 2014,00:00,0.14893897
15 Sep 2014,00:00,0.24737604
15 Sep 2014,00:00,0.24737604
16 Sep 2014,00:00,0.083792955
16 Sep 2014,00:00,0.083792955
17 Sep 2014,00:00,0.25519544
17 Sep 2014,00:00,0.25519544
18 Sep 2014,00:00,0.27844495
18 Sep 2014,00:00,0.27844495
19 Sep 2014,00:00,0.24274737
19 Sep 2014,00:00,0.24274737
20 Sep 2014,00:00,0.11919066
20 Sep 2014,00:00,0.11919066
21 Sep 2014,00:00,0.0
21 Sep 2014,00:00,0.0
22 Sep 2014,00:00,0.059006736
22 Sep 2014,00:00,0.059006736
23 Sep 2014,00:00,2.3068042
23 Sep 2014,00:00,2.3068042
24 Sep 2014,00:00,0.8128267
24 Sep 2014,00:00,0.8128267
25 Sep 2014,00:00,0.67306125
25 Sep 2014,00:00,0.67306125
26 Sep 2014,00:00,0.70978326
26 Sep 2014,00:00,0.70978326
27 Sep 2014,00:00,0.26584977
27 Sep 2014,00:00,0.26584977
28 Sep 2014,00:00,0.37626177
28 Sep 2014,00:00,0.37626177
29 Sep 2014,00:00,0.2130391
29 Sep 2014,00:00,0.2130391
30 Sep 2014,00:00,0.008558854
30 Sep 2014,00:00,0.008558854
01 Oct 2014,00:00,0.8499325
01 Oct 2014,00:00,0.8499325
02 Oct 2014,00:00,0.0
02 Oct 2014,00:00,0.0
03 Oct 2014,00:00,11.70544
03 Oct 2014,00:00,11.70544
04 Oct 2014,00:00,24.972675
04 Oct 2014,00:00,24.972675
05 Oct 2014,00:00,0.5649403
05 Oct 2014,00:00,0.5649403
06 Oct 2014,00:00,17.663872
06 Oct 2014,00:00,17.663872
07 Oct 2014,00:00,0.5049603
07 Oct 2014,00:00,0.5049603
08 Oct 2014,00:00,8.050088
08 Oct 2014,00:00,8.050088
09 Oct 2014,00:00,3.5660267
09 Oct 2014,00:00,3.5660267
10 Oct 2014,00:00,3.5772195
10 Oct 2014,00:00,3.5772195
11 Oct 2014,00:00,0.42798555
11 Oct 2014,00:00,0.42798555
12 Oct 2014,00:00,0.0014547259
12 Oct 2014,00:00,0.0014547259
13 Oct 2014,00:00,0.008543953
13 Oct 2014,00:00,0.008543953
14 Oct 2014,00:00,0.0
14 Oct 2014,00:00,0.0
15 Oct 2014,00:00,1.8733516
15 Oct 2014,00:00,1.8733516
16 Oct 2014,00:00,3.1616054
16 Oct 2014,00:00,3.1616054
17 Oct 2014,00:00,6.0937643
17 Oct 2014,00:00,6.0937643
18 Oct 2014,00:00,11.914034
18 Oct 2014,00:00,11.914034
19 Oct 2014,00:00,7.262232
19 Oct 2014,00:00,7.262232
20 Oct 2014,00:00,3.1438787
20 Oct 2014,00:00,3.1438787
21 Oct 2014,00:00,10.736002
21 Oct 2014,00:00,10.736002
22 Oct 2014,00:00,1.356842
22 Oct 2014,00:00,1.356842
23 Oct 2014,00:00,1.6146004
23 Oct 2014,00:00,1.6146004
24 Oct 2014,00:00,1.0887702
24 Oct 2014,00:00,1.0887702
25 Oct 2014,00:00,1.3936601
25 Oct 2014,00:00,1.3936601
26 Oct 2014,00:00,4.7856274
26 Oct 2014,00:00,4.7856274
27 Oct 2014,00:00,3.4913774
27 Oct 2014,00:00,3.4913774
28 Oct 2014,00:00,17.892223
28 Oct 2014,00:00,17.892223
29 Oct 2014,00:00,0.008514151
29 Oct 2014,00:00,0.008514151
30 Oct 2014,00:00,2.380898
30 Oct 2014,00:00,2.380898
31 Oct 2014,00:00,0.07056631
31 Oct 2014,00:00,0.07056631
01 Nov 2014,00:00,15.609857
01 Nov 2014,00:00,15.609857
02 Nov 2014,00:00,4.1184573
02 Nov 2014,00:00,4.1184573
03 Nov 2014,00:00,7.503254
03 Nov 2014,00:00,7.503254
04 Nov 2014,00:00,2.3127663
04 Nov 2014,00:00,2.3127663
05 Nov 2014,00:00,0.065971166
05 Nov 2014,00:00,0.065971166
06 Nov 2014,00:00,5.3893867
06 Nov 2014,00:00,5.3893867
07 Nov 2014,00:00,6.765064
07 Nov 2014,00:00,6.765064
08 Nov 2014,00:00,6.380081
08 Nov 2014,00:00,6.380081
09 Nov 2014,00:00,0.45446676
09 Nov 2014,00:00,0.45446676
10 Nov 2014,00:00,0.10126084
10 Nov 2014,00:00,0.10126084
11 Nov 2014,00:00,4.9476233
11 Nov 2014,00:00,4.9476233
12 Nov 2014,00:00,4.6103783
12 Nov 2014,00:00,4.6103783
13 Nov 2014,00:00,0.9910408
13 Nov 2014,00:00,0.9910408
14 Nov 2014,00:00,7.967661
14 Nov 2014,00:00,7.967661
15 Nov 2014,00:00,0.015327707
15 Nov 2014,00:00,0.015327707
16 Nov 2014,00:00,0.8461923
16 Nov 2014,00:00,0.8461923
17 Nov 2014,00:00,2.049271
17 Nov 2014,00:00,2.049271
18 Nov 2014,00:00,0.003963709
18 Nov 2014,00:00,0.003963709
19 Nov 2014,00:00,0.0749547
19 Nov 2014,00:00,0.0749547
20 Nov 2014,00:00,0.15210547
20 Nov 2014,00:00,0.15210547
21 Nov 2014,00:00,6.046751
21 Nov 2014,00:00,6.046751
22 Nov 2014,00:00,4.7197604
22 Nov 2014,00:00,4.7197604
23 Nov 2014,00:00,0.1034867
23 Nov 2014,00:00,0.1034867
24 Nov 2014,00:00,0.010022894
24 Nov 2014,00:00,0.010022894
25 Nov 2014,00:00,0.021679327
25 Nov 2014,00:00,0.021679327
26 Nov 2014,00:00,1.2853444
26 Nov 2014,00:00,1.2853444
27 Nov 2014,00:00,1.188349
27 Nov 2014,00:00,1.188349
28 Nov 2014,00:00,0.040899962
28 Nov 2014,00:00,0.040899962
29 Nov 2014,00:00,0.21178834
29 Nov 2014,00:00,0.21178834
30 Nov 2014,00:00,0.06886758
30 Nov 2014,00:00,0.06886758
01 Dec 2014,00:00,0.79606843
01 Dec 2014,00:00,0.79606843
02 Dec 2014,00:00,0.24696067
02 Dec 2014,00:00,0.24696067
03 Dec 2014,00:00,0.0
03 Dec 2014,00:00,0.0
04 Dec 2014,00:00,0.009208918
04 Dec 2014,00:00,0.009208918
05 Dec 2014,00:00,0.0865981
05 Dec 2014,00:00,0.0865981
06 Dec 2014,00:00,3.8960018
06 Dec 2014,00:00,3.8960018
07 Dec 2014,00:00,4.8144403
07 Dec 2014,00:00,4.8144403
08 Dec 2014,00:00,0.06495044
08 Dec 2014,00:00,0.06495044
09 Dec 2014,00:00,11.362315
09 Dec 2014,00:00,11.362315
10 Dec 2014,00:00,3.171617
10 Dec 2014,00:00,3.171617
11 Dec 2014,00:00,1.8639936
11 Dec 2014,00:00,1.8639936
12 Dec 2014,00:00,0.28435886
12 Dec 2014,00:00,0.28435886
13 Dec 2014,00:00,0.7489491
13 Dec 2014,00:00,0.7489491
14 Dec 2014,00:00,7.3873644
14 Dec 2014,00:00,7.3873644
15 Dec 2014,00:00,0.60308725
15 Dec 2014,00:00,0.60308725
16 Dec 2014,00:00,7.809389
16 Dec 2014,00:00,7.809389
17 Dec 2014,00:00,2.083946
17 Dec 2014,00:00,2.083946
18 Dec 2014,00:00,6.7224836
18 Dec 2014,00:00,6.7224836
19 Dec 2014,00:00,1.8742009
19 Dec 2014,00:00,1.8742009
20 Dec 2014,00:00,1.039397
20 Dec 2014,00:00,1.039397
21 Dec 2014,00:00,3.3273268
21 Dec 2014,00:00,3.3273268
22 Dec 2014,00:00,23.036808
22 Dec 2014,00:00,23.036808
23 Dec 2014,00:00,20.447638
23 Dec 2014,00:00,20.447638
24 Dec 2014,00:00,0.8933656
24 Dec 2014,00:00,0.8933656
25 Dec 2014,00:00,0.1079198
25 Dec 2014,00:00,0.1079198
26 Dec 2014,00:00,1.3870132
26 Dec 2014,00:00,1.3870132
27 Dec 2014,00:00,0.19341893
27 Dec 2014,00:00,0.19341893
28 Dec 2014,00:00,0.0040289015
28 Dec 2014,00:00,0.0040289015
29 Dec 2014,00:00,0.0023581088
29 Dec 2014,00:00,0.0023581088
30 Dec 2014,00:00,0.013835728
30 Dec 2014,00:00,0.013835728
31 Dec 2014,00:00,0.0
31 Dec 2014,00:00,0.0
01 Jan 2015,00:00,14.295061
01 Jan 2015,00:00,14.295061
02 Jan 2015,00:00,1.7138402
02 Jan 2015,00:00,1.7138402
03 Jan 2015,00:00,2.5752075
03 Jan 2015,00:00,2.5752075
04 Jan 2015,00:00,0.033458695
04 Jan 2015,00:00,0.033458695
05 Jan 2015,00:00,0.16340055
05 Jan 2015,00:00,0.16340055
06 Jan 2015,00:00,3.7207005
06 Jan 2015,00:00,3.7207005
07 Jan 2015,00:00,18.060738
07 Jan 2015,00:00,18.060738
08 Jan 2015,00:00,5.297701
08 Jan 2015,00:00,5.297701
09 Jan 2015,00:00,7.7740064
09 Jan 2015,00:00,7.7740064
10 Jan 2015,00:00,7.5677633
10 Jan 2015,00:00,7.5677633
11 Jan 2015,00:00,7.1249123
11 Jan 2015,00:00,7.1249123
12 Jan 2015,00:00,7.527543
12 Jan 2015,00:00,7.527543
13 Jan 2015,00:00,3.4478588
13 Jan 2015,00:00,3.4478588
14 Jan 2015,00:00,9.388216
14 Jan 2015,00:00,9.388216
15 Jan 2015,00:00,9.193302
15 Jan 2015,00:00,9.193302
16 Jan 2015,00:00,0.80889094
16 Jan 2015,00:00,0.80889094
17 Jan 2015,00:00,0.9708954
17 Jan 2015,00:00,0.9708954
18 Jan 2015,00:00,0.91063416
18 Jan 2015,00:00,0.91063416
19 Jan 2015,00:00,0.016650185
19 Jan 2015,00:00,0.016650185
20 Jan 2015,00:00,0.020045787
20 Jan 2015,00:00,0.020045787
21 Jan 2015,00:00,0.48767406
21 Jan 2015,00:00,0.48767406
22 Jan 2015,00:00,0.040480867
22 Jan 2015,00:00,0.040480867
23 Jan 2015,00:00,6.248961
23 Jan 2015,00:00,6.248961
24 Jan 2015,00:00,0.48480555
24 Jan 2015,00:00,0.48480555
25 Jan 2015,00:00,3.0670402
25 Jan 2015,00:00,3.0670402
26 Jan 2015,00:00,2.1375325
26 Jan 2015,00:00,2.1375325
27 Jan 2015,00:00,2.080176
27 Jan 2015,00:00,2.080176
28 Jan 2015,00:00,9.765795
28 Jan 2015,00:00,9.765795
29 Jan 2015,00:00,0.73127633
29 Jan 2015,00:00,0.73127633
30 Jan 2015,00:00,0.31217003
30 Jan 2015,00:00,0.31217003
31 Jan 2015,00:00,0.10909885
31 Jan 2015,00:00,0.10909885
01 Feb 2015,00:00,0.03928505
01 Feb 2015,00:00,0.03928505
02 Feb 2015,00:00,0.0
02 Feb 2015,00:00,0.0
03 Feb 2015,00:00,0.033007935
03 Feb 2015,00:00,0.033007935
04 Feb 2015,00:00,0.002488494
04 Feb 2015,00:00,0.002488494
05 Feb 2015,00:00,0.019218773
05 Feb 2015,00:00,0.019218773
06 Feb 2015,00:00,0.016570091
06 Feb 2015,00:00,0.016570091
07 Feb 2015,00:00,0.001013279
07 Feb 2015,00:00,0.001013279
08 Feb 2015,00:00,0.0043902546
08 Feb 2015,00:00,0.0043902546
09 Feb 2015,00:00,0.0059977174
09 Feb 2015,00:00,0.0059977174
10 Feb 2015,00:00,0.034479424
10 Feb 2015,00:00,0.034479424
11 Feb 2015,00:00,0.34962967
11 Feb 2015,00:00,0.34962967
12 Feb 2015,00:00,0.20672753
12 Feb 2015,00:00,0.20672753
13 Feb 2015,00:00,1.7755738
13 Feb 2015,00:00,1.7755738
14 Feb 2015,00:00,0.016009435
14 Feb 2015,00:00,0.016009435
15 Feb 2015,00:00,0.07762015
15 Feb 2015,00:00,0.07762015
16 Feb 2015,00:00,9.081056
16 Feb 2015,00:00,9.081056
17 Feb 2015,00:00,0.070914626
17 Feb 2015,00:00,0.070914626
18 Feb 2015,00:00,0.483349
18 Feb 2015,00:00,0.483349
19 Feb 2015,00:00,5.551051
19 Feb 2015,00:00,5.551051
20 Feb 2015,00:00,1.3151654
20 Feb 2015,00:00,1.3151654
21 Feb 2015,00:00,0.3456287
21 Feb 2015,00:00,0.3456287
22 Feb 2015,00:00,10.481428
22 Feb 2015,00:00,10.481428
23 Feb 2015,00:00,5.939431
23 Feb 2015,00:00,5.939431
24 Feb 2015,00:00,2.8609262
24 Feb 2015,00:00,2.8609262
25 Feb 2015,00:00,1.7372408
25 Feb 2015,00:00,1.7372408
26 Feb 2015,00:00,13.347197
26 Feb 2015,00:00,13.347197
27 Feb 2015,00:00,0.8988399
27 Feb 2015,00:00,0.8988399
28 Feb 2015,00:00,0.542555
28 Feb 2015,00:00,0.542555
01 Mar 2015,00:00,3.6489685
01 Mar 2015,00:00,3.6489685
02 Mar 2015,00:00,1.5759673
02 Mar 2015,00:00,1.5759673
03 Mar 2015,00:00,2.2158566
03 Mar 2015,00:00,2.2158566
04 Mar 2015,00:00,1.0141488
04 Mar 2015,00:00,1.0141488
05 Mar 2015,00:00,0.37813932
05 Mar 2015,00:00,0.37813932
06 Mar 2015,00:00,0.8746423
06 Mar 2015,00:00,0.8746423
07 Mar 2015,00:00,5.380555
07 Mar 2015,00:00,5.380555
08 Mar 2015,00:00,5.7958117
08 Mar 2015,00:00,5.7958117
09 Mar 2015,00:00,3.4233203
09 Mar 2015,00:00,3.4233203
10 Mar 2015,00:00,0.018775463
10 Mar 2015,00:00,0.018775463
11 Mar 2015,00:00,4.9505715
11 Mar 2015,00:00,4.9505715
12 Mar 2015,00:00,16.68129
12 Mar 2015,00:00,16.68129
13 Mar 2015,00:00,5.3270926
13 Mar 2015,00:00,5.3270926
14 Mar 2015,00:00,0.09641424
14 Mar 2015,00:00,0.09641424
15 Mar 2015,00:00,0.022580847
15 Mar 2015,00:00,0.022580847
16 Mar 2015,00:00,0.84005857
16 Mar 2015,00:00,0.84005857
17 Mar 2015,00:00,0.78684837
17 Mar 2015,00:00,0.78684837
18 Mar 2015,00:00,0.0038798898
18 Mar 2015,00:00,0.0038798898
19 Mar 2015,00:00,0.0749724
19 Mar 2015,00:00,0.0749724
20 Mar 2015,00:00,0.11991151
20 Mar 2015,00:00,0.11991151
21 Mar 2015,00:00,0.0060386956
21 Mar 2015,00:00,0.0060386956
22 Mar 2015,00:00,0.0015199184
22 Mar 2015,00:00,0.0015199184
23 Mar 2015,00:00,0.48343092
23 Mar 2015,00:00,0.48343092
24 Mar 2015,00:00,1.6621351
24 Mar 2015,00:00,1.6621351
25 Mar 2015,00:00,0.093799084
25 Mar 2015,00:00,0.093799084
26 Mar 2015,00:00,8.0327015
26 Mar 2015,00:00,8.0327015
27 Mar 2015,00:00,0.38098168
27 Mar 2015,00:00,0.38098168
28 Mar 2015,00:00,10.889664
28 Mar 2015,00:00,10.889664
29 Mar 2015,00:00,7.5518646
29 Mar 2015,00:00,7.5518646
30 Mar 2015,00:00,10.593378
30 Mar 2015,00:00,10.593378
31 Mar 2015,00:00,0.76436067
31 Mar 2015,00:00,0.76436067
01 Apr 2015,00:00,2.5316384
02 Apr 2015,00:00,0.10360964
03 Apr 2015,00:00,4.905723
04 Apr 2015,00:00,0.015353784
05 Apr 2015,00:00,0.049829483
06 Apr 2015,00:00,0.09190105
07 Apr 2015,00:00,0.031037256
08 Apr 2015,00:00,0.0
09 Apr 2015,00:00,0.0
10 Apr 2015,00:00,0.0067111105
11 Apr 2015,00:00,4.608564
12 Apr 2015,00:00,15.086503
13 Apr 2015,00:00,0.50977063
14 Apr 2015,00:00,0.20784885
15 Apr 2015,00:00,2.7760158
16 Apr 2015,00:00,4.4703484e-05
17 Apr 2015,00:00,0.0
18 Apr 2015,00:00,0.006534159
19 Apr 2015,00:00,0.06443635
20 Apr 2015,00:00,0.09239465
21 Apr 2015,00:00,0.0
22 Apr 2015,00:00,0.0
23 Apr 2015,00:00,0.0
24 Apr 2015,00:00,0.7853098
25 Apr 2015,00:00,3.7346947
26 Apr 2015,00:00,0.9496156
27 Apr 2015,00:00,1.9478183
28 Apr 2015,00:00,3.0582323
29 Apr 2015,00:00,9.532063
30 Apr 2015,00:00,0.052668154
01 May 2015,00:00,0.2080705
02 May 2015,00:00,2.8324165
03 May 2015,00:00,13.549674
04 May 2015,00:00,1.0170135
05 May 2015,00:00,10.964987
06 May 2015,00:00,6.3045974
07 May 2015,00:00,0.52991134
08 May 2015,00:00,10.474142
09 May 2015,00:00,6.8795457
10 May 2015,00:00,2.6354604
11 May 2015,00:00,12.448756
12 May 2015,00:00,2.218686
13 May 2015,00:00,0.38500875
14 May 2015,00:00,0.0012032688
15 May 2015,00:00,1.9428898
16 May 2015,00:00,1.3862066
17 May 2015,00:00,5.1566997
18 May 2015,00:00,11.121605
19 May 2015,00:00,2.8248186
20 May 2015,00:00,0.13751164
21 May 2015,00:00,0.08054823
22 May 2015,00:00,0.48231333
23 May 2015,00:00,0.0029094517
24 May 2015,00:00,0.7281527
25 May 2015,00:00,0.4285425
26 May 2015,00:00,0.1047831
27 May 2015,00:00,7.6384063
28 May 2015,00:00,4.1895075
29 May 2015,00:00,3.7495923
30 May 2015,00:00,0.8010697
31 May 2015,00:00,0.6060302
01 Jun 2015,00:00,16.248995
02 Jun 2015,00:00,2.0300913
03 Jun 2015,00:00,0.58455765
04 Jun 2015,00:00,0.0012554228
05 Jun 2015,00:00,1.2478995
06 Jun 2015,00:00,1.6106608
07 Jun 2015,00:00,0.1848489
08 Jun 2015,00:00,0.6074272
09 Jun 2015,00:00,0.35396218
10 Jun 2015,00:00,0.0
11 Jun 2015,00:00,0.0
12 Jun 2015,00:00,4.4703484e-05
13 Jun 2015,00:00,1.6690698
14 Jun 2015,00:00,2.1013303
15 Jun 2015,00:00,0.7066503
16 Jun 2015,00:00,1.440702
17 Jun 2015,00:00,3.452342
18 Jun 2015,00:00,0.28852934
19 Jun 2015,00:00,1.1143665
20 Jun 2015,00:00,1.8439051
21 Jun 2015,00:00,9.400686
22 Jun 2015,00:00,1.2152996
23 Jun 2015,00:00,0.068230554
24 Jun 2015,00:00,0.96414423
25 Jun 2015,00:00,5.6373386
26 Jun 2015,00:00,2.5255327
27 Jun 2015,00:00,1.178965
28 Jun 2015,00:00,7.0816407
29 Jun 2015,00:00,0.05985424
30 Jun 2015,00:00,0.0
01 Jul 2015,00:00,5.9858055
02 Jul 2015,00:00,1.4132559
03 Jul 2015,00:00,0.03405474
04 Jul 2015,00:00,15.458305
05 Jul 2015,00:00,3.9883814
06 Jul 2015,00:00,4.6058035
07 Jul 2015,00:00,6.827109
08 Jul 2015,00:00,4.437687
09 Jul 2015,00:00,0.05764328
10 Jul 2015,00:00,0.41383505
11 Jul 2015,00:00,3.1655078
12 Jul 2015,00:00,3.7632732
13 Jul 2015,00:00,5.776931
14 Jul 2015,00:00,1.5542693
15 Jul 2015,00:00,0.013688579
16 Jul 2015,00:00,0.052332878
17 Jul 2015,00:00,12.4025955
18 Jul 2015,00:00,1.5003793
19 Jul 2015,00:00,12.552725
20 Jul 2015,00:00,4.717454
21 Jul 2015,00:00,2.7230458
22 Jul 2015,00:00,0.51729566
23 Jul 2015,00:00,1.2335293
24 Jul 2015,00:00,0.5840733
25 Jul 2015,00:00,1.9378662
26 Jul 2015,00:00,7.871147
27 Jul 2015,00:00,10.535488
28 Jul 2015,00:00,16.520191
29 Jul 2015,00:00,3.2874813
30 Jul 2015,00:00,0.9406656
31 Jul 2015,00:00,1.8626451e-06
01 Aug 2015,00:00,1.4090164
02 Aug 2015,00:00,4.3937826
03 Aug 2015,00:00,0.61662126
04 Aug 2015,00:00,2.600681
05 Aug 2015,00:00,3.967775
06 Aug 2015,00:00,1.7234981
07 Aug 2015,00:00,0.38260782
08 Aug 2015,00:00,0.9022188
09 Aug 2015,00:00,1.0801088
10 Aug 2015,00:00,5.7514796
11 Aug 2015,00:00,0.8160975
12 Aug 2015,00:00,0.0
13 Aug 2015,00:00,0.30414015
14 Aug 2015,00:00,18.983807
15 Aug 2015,00:00,0.53511375
16 Aug 2015,00:00,0.07786602
17 Aug 2015,00:00,0.027999282
18 Aug 2015,00:00,1.2078304
19 Aug 2015,00:00,4.754979
20 Aug 2015,00:00,0.965191
21 Aug 2015,00:00,3.0912533
22 Aug 2015,00:00,6.649563
23 Aug 2015,00:00,12.532387
24 Aug 2015,00:00,1.6556716
25 Aug 2015,00:00,1.335945
26 Aug 2015,00:00,4.2528734
27 Aug 2015,00:00,3.2285194
28 Aug 2015,00:00,3.1307154
29 Aug 2015,00:00,5.379759
30 Aug 2015,00:00,0.18033758
31 Aug 2015,00:00,0.0
01 Sep 2015,00:00,3.9648526
02 Sep 2015,00:00,0.2106931
03 Sep 2015,00:00,0.0426732
04 Sep 2015,00:00,0.11150353
05 Sep 2015,00:00,0.047499314
06 Sep 2015,00:00,4.4703484e-05
07 Sep 2015,00:00,0.021031126
08 Sep 2015,00:00,0.102235004
09 Sep 2015,00:00,0.13719685
10 Sep 2015,00:00,0.0041015446
11 Sep 2015,00:00,0.03713928
12 Sep 2015,00:00,14.36566
13 Sep 2015,00:00,1.5499983
14 Sep 2015,00:00,3.2633784
15 Sep 2015,00:00,0.44634005
16 Sep 2015,00:00,0.00049360096
17 Sep 2015,00:00,2.3088512
18 Sep 2015,00:00,1.3427846
19 Sep 2015,00:00,0.019306317
20 Sep 2015,00:00,5.883563
21 Sep 2015,00:00,5.4927197
22 Sep 2015,00:00,0.30100906
23 Sep 2015,00:00,2.5746765
24 Sep 2015,00:00,2.643356
25 Sep 2015,00:00,0.17065555
26 Sep 2015,00:00,0.07221289
27 Sep 2015,00:00,0.0
28 Sep 2015,00:00,0.0
29 Sep 2015,00:00,0.0
30 Sep 2015,00:00,0.0
01 Oct 2015,00:00,0.013653189
02 Oct 2015,00:00,0.06338209
03 Oct 2015,00:00,0.16421452
04 Oct 2015,00:00,0.1543779
05 Oct 2015,00:00,8.19787
06 Oct 2015,00:00,5.07189
07 Oct 2015,00:00,5.838154
08 Oct 2015,00:00,0.036999583
09 Oct 2015,00:00,0.009977259
10 Oct 2015,00:00,0.09392947
11 Oct 2015,00:00,0.08205697
12 Oct 2015,00:00,0.8249302
13 Oct 2015,00:00,0.026682392
14 Oct 2015,00:00,0.009784475
15 Oct 2015,00:00,0.017980114
16 Oct 2015,00:00,0.02211146
17 Oct 2015,00:00,0.016272068
18 Oct 2015,00:00,0.0
19 Oct 2015,00:00,0.14235266
20 Oct 2015,00:00,4.035758
21 Oct 2015,00:00,2.7872677
22 Oct 2015,00:00,0.49925965
23 Oct 2015,00:00,0.23068674
24 Oct 2015,00:00,4.4364223
25 Oct 2015,00:00,0.068427995
26 Oct 2015,00:00,0.27439374
27 Oct 2015,00:00,0.16107783
28 Oct 2015,00:00,12.669514
29 Oct 2015,00:00,6.20297
30 Oct 2015,00:00,2.841469
31 Oct 2015,00:00,0.0112988055
01 Nov 2015,00:00,0.13273768
02 Nov 2015,00:00,0.23960508
03 Nov 2015,00:00,0.26992708
04 Nov 2015,00:00,5.152274
05 Nov 2015,00:00,6.027786
06 Nov 2015,00:00,1.9284412
07 Nov 2015,00:00,12.872393
08 Nov 2015,00:00,19.611488
09 Nov 2015,00:00,8.774621
10 Nov 2015,00:00,1.8996634
11 Nov 2015,00:00,14.012475
12 Nov 2015,00:00,7.428965
13 Nov 2015,00:00,3.322741
14 Nov 2015,00:00,14.541838
15 Nov 2015,00:00,20.754349
16 Nov 2015,00:00,3.5374277
17 Nov 2015,00:00,10.83359
18 Nov 2015,00:00,12.0666275
19 Nov 2015,00:00,0.76547265
20 Nov 2015,00:00,0.89983267
21 Nov 2015,00:00,1.1008662
22 Nov 2015,00:00,0.35669655
23 Nov 2015,00:00,5.9386377
24 Nov 2015,00:00,2.696216
25 Nov 2015,00:00,0.0
26 Nov 2015,00:00,0.0909958
27 Nov 2015,00:00,8.001096
28 Nov 2015,00:00,11.109827
29 Nov 2015,00:00,8.207392
30 Nov 2015,00:00,0.042244792
01 Dec 2015,00:00,10.047316
02 Dec 2015,00:00,4.0210466
03 Dec 2015,00:00,26.946045
04 Dec 2015,00:00,6.5329356
05 Dec 2015,00:00,28.704699
06 Dec 2015,00:00,9.252592
07 Dec 2015,00:00,3.2820458
08 Dec 2015,00:00,5.719444
09 Dec 2015,00:00,14.428723
10 Dec 2015,00:00,4.035026
11 Dec 2015,00:00,1.329001
12 Dec 2015,00:00,12.699162
13 Dec 2015,00:00,2.1038296
14 Dec 2015,00:00,1.2131742
15 Dec 2015,00:00,0.737993
16 Dec 2015,00:00,0.9107403
17 Dec 2015,00:00,1.7521122
18 Dec 2015,00:00,3.9405804
19 Dec 2015,00:00,8.056461
20 Dec 2015,00:00,13.851832
21 Dec 2015,00:00,5.753771
22 Dec 2015,00:00,14.571929
23 Dec 2015,00:00,3.9279385
24 Dec 2015,00:00,9.267187
25 Dec 2015,00:00,11.504311
26 Dec 2015,00:00,31.563353
27 Dec 2015,00:00,0.112881884
28 Dec 2015,00:00,1.3480074
29 Dec 2015,00:00,4.439343
30 Dec 2015,00:00,15.4457
31 Dec 2015,00:00,0.046424568
